Question,Answer
"1. How does the Transformer architecture address the trade-off between model complexity and performance, considering factors such as computational resources and latency constraints? Can the number of layers and attention heads be optimized for different tasks and datasets?","The Transformer architecture addresses the trade-off between model complexity and performance by dispensing with recurrence and relying entirely on attention mechanisms to draw global dependencies between input and output. The transformer architecture can be optimized for different tasks and datasets, but it is not clear how it addresses the trade-off between model complexity and performance."
"2. How does the Transformer architecture handle the problem of attention sparsity, where only a small subset of elements in a sequence are relevant for a given task? What techniques can be employed to improve the efficiency of attention computations, especially in cases with long sequences?","The Transformer architecture uses attention mechanisms to handle the problem of attention sparsity, where only a small subset of elements in a sequence are relevant for a given task. The Transformer architecture eschews recurrence and convolutions to draw global dependencies between input and output. Techniques that can be employed to improve the efficiency of attention computations, especially in cases with long sequences, include the use of multi-headed attention mechanisms."
"3. How can the Transformer architecture be adapted to handle tasks involving structured data, such as tabular data or knowledge graphs? What modifications or extensions are necessary to enable the model to learn and exploit the inherent structure of such data?",The Transformer architecture can be adapted to handle tasks involving structured data by relying entirely on an attention mechanism to draw global dependencies between input and output. Modifications or extensions required to enable the model to learn and exploit the inherent structure of such data are not specified in the given context.
"4. How does the Transformer architecture address the problem of overfitting, particularly in scenarios with limited training data or when dealing with noisy or corrupted data? What techniques can be employed to mitigate overfitting and improve the generalization performance of the model?","The Transformer architecture addresses overfitting by relying entirely on an attention mechanism to draw global dependencies between input and output. It also incorporates a pre-trained neural network with a recurrent architecture and a transformer architecture that eschews recurrence. Additionally, the Transformer architecture incorporates attention mechanisms to improve generalization performance."
"5. How can the Transformer architecture be adapted to handle tasks involving multiple languages, where the model needs to translate or understand text in different languages? What modifications or extensions are necessary for such applications, considering the challenges of cross-lingual transfer and language-specific characteristics?",The Transformer architecture can be adapted to handle tasks involving multiple languages by using multi-headed self-attention and aligned recurrence. Modifications or extensions needed for such applications would depend on the specific language-specific characteristics and constraints of the task.
"6. How does the Transformer architecture handle the issue of attention weights computation, and how does it mitigate the potential problem of quadratic complexity in self-attention mechanisms, particularly in scenarios with large sequences or multiple attention heads?","The Transformer architecture handles attention weight computation by reducing the number of operations required to compute attention weights. It mitigates the potential problem of quadratic complexity in self-attention mechanisms by allowing for the reduction of attention-weighted positions, which can be more effective in scenarios with large sequences or multiple attention heads."
"7. How can the Transformer architecture be adapted to handle tasks involving non-sequential data, such as image classification or speech recognition? What modifications or extensions are necessary for such applications, considering the inherent differences in data structures and task requirements?","The Transformer architecture can be adapted to handle tasks involving non-sequential data, such as image classification or speech recognition by adding stacked self-attention layers for both the encoder and decoder, and utilizing a point-wise, fully connected model for both the encoder and decoder. However, modifications or extensions may be necessary for such applications due to the inherent differences in data structures and task requirements."
"8. What are some potential applications of the Transformer architecture in natural language generation tasks, such as text summarization or machine translation? How can it be adapted for these tasks, taking into account the need for coherence, fluency, and accuracy in the generated text?","The Transformer architecture has been shown to perform well on simple-language question answering and language modeling tasks. It can be adapted for these tasks by using the transformer architecture for feature engineering, as it is the first transduction model relying on aligned recurrence and has been shown to perform well on these tasks."
"9. How does the Transformer architecture compare with other sequence-to-sequence models, such as recurrent neural networks (RNNs) or convolutional neural networks (CNNs), in terms of performance and efficiency? What are the key factors that contribute to its advantages or disadvantages?",The Transformer architecture eschews recurrence and instead relies entirely on an attention mechanism to draw global dependencies between input and output.
10. How does the Transformer architecture handle the problem of long-range dependencies in sequential data? What techniques are employed to capture long-term relationships and context in the input sequence?,The Transformer architecture uses an attention mechanism to draw global dependencies between input and output. It has been shown to perform well on simple-language question answering and language modeling tasks.
"11. How can the Transformer architecture be adapted to handle tasks involving multimodal data, such as images and text? What modifications or extensions are necessary to enable the model to learn and exploit the relationships between different modalities?","The Transformer architecture can be adapted to handle tasks involving multimodal data, such as images and text, by relying entirely on an attention mechanism to draw global dependencies between input and output. Modifications or extensions that are necessary to enable the model to learn and exploit the relationships between different modalities include multi-headed self-attention, a neural network with multiple input-output layers, and a transformer architecture with a recurrent network and a multi-headed self-attention architecture."
"12. How does the Transformer architecture address the problem of attention bias, where certain parts of the input sequence may receive more attention than others? What techniques can be employed to mitigate attention bias and ensure that the model attends to all relevant parts of the input?",The Transformer architecture addresses the problem of attention bias by using multi-headed self-attention to draw global dependencies between input and output without using sequence-aligned RNNs or convolution. The Transformer also utilizes attention mechanisms to mitigate attention bias and ensure that the model attends to all relevant parts of the input.
"13. How can the Transformer architecture be adapted to handle tasks involving reinforcement learning, where the model needs to learn to take actions based on its observations of the environment? What modifications or extensions are necessary to enable the model to learn and make decisions in a sequential decision-making setting?",The Transformer architecture can be adapted to handle tasks involving reinforcement learning by relying entirely on an attention mechanism to draw global dependencies between input and output.
14. How does the Transformer architecture handle the problem of generalization to unseen data or domains? What techniques can be employed to improve the model's ability to adapt to new and different data distributions?,"The Transformer architecture relies entirely on an attention mechanism to draw global dependencies between input and output. It does not generalize well to unseen data or domains. Techniques that can be employed to improve the model's ability to adapt to new and different data distributions include the use of recurrent networks, temporal probabilities, and spectral analysis."
"15. How does the Transformer architecture address the problem of catastrophic forgetting, which can occur when a model is trained on multiple tasks sequentially and forgets previously learned knowledge? What techniques can be employed to mitigate catastrophic forgetting and preserve the model's performance on previously learned tasks?",The Transformer architecture addresses the problem of catastrophic forgetting by relying entirely on an attention mechanism to draw global dependencies between input and output.
"16. How can the Transformer architecture be adapted to handle tasks involving time series data, where the input data is a sequence of observations over time? What modifications or extensions are necessary to enable the model to learn and exploit temporal patterns and dependencies in the data?",The Transformer architecture can be adapted to handle tasks involving time series data by relying entirely on an attention mechanism to draw global dependencies between input and output. Modifications or extensions that are necessary to enable the model to learn and exploit temporal patterns and dependencies in the data include the use of the transformer's regularization techniques and the use of attention-based encoding.
"17. How does the Transformer architecture handle the problem of noisy or corrupted data, which can be common in real-world applications? What techniques can be employed to make the model robust to noise and corruption, and improve its performance in such scenarios?","The Transformer architecture handles the problem of noisy or corrupted data by using stacked self-attention and point-wise, fully connected layers for both the encoder and decoder, and incorporating recurrent neural networks for noisy or corrupted data. These techniques can make the model robust to noise and corruption, and improve its performance in such scenarios."
"18. How can the Transformer architecture be adapted to handle tasks involving few-shot learning or zero-shot learning, where the model is trained on a limited amount of data or no data at all for a particular task? What modifications or extensions are necessary to enable the model to learn and generalize to new tasks with minimal data?","The Transformer architecture can be adapted to handle tasks involving few-shot learning or zero-shot learning by relying entirely on attention mechanisms. This allows for the model to learn and generalize to new tasks with minimal data, as it is reduced to a constant number of operations."
"19. How does the Transformer architecture handle the problem of attention saturation, where the attention mechanism may become less effective in capturing long-range dependencies as the sequence length increases? What techniques can be employed to mitigate attention saturation and ensure that the model can effectively attend to distant parts of the input sequence?",The Transformer architecture does not use sequence-aligned RNNs or convolution. It is based solely on attention mechanisms to draw global dependencies between input and output without using sequence-aligned RNNs or convolution.
"20. How can the Transformer architecture be adapted to handle tasks involving hierarchical data structures, such as nested sequences or tree-structured data? What modifications or extensions are necessary to enable the model to learn and exploit the hierarchical relationships within the data?",The Transformer architecture can be adapted to handle tasks involving hierarchical data structures by incorporating attention mechanisms to draw global dependencies between input and output. This would involve changing the behavior of the transformer to learn and exploit the hierarchical relationships within the data.
"21. How does the Transformer architecture address the issue of scalability to large datasets and long sequences? What techniques can be employed to reduce the computational cost and memory requirements of the model, particularly in scenarios with massive datasets or extremely long sequences?","The Transformer architecture addresses the issue of scalability to large datasets and long sequences by relying entirely on an attention mechanism to draw global dependencies between input and output. The model's computational efficiency has been significantly improved through factorization tricks and conditional computation, which can be employed to reduce computational cost and memory requirements of the model, particularly in scenarios with massive datasets or extremely long sequences."
"22. How can the Transformer architecture be adapted to handle tasks involving dynamic or evolving data, where the input data changes over time or new data is continuously added? What modifications or extensions are necessary to enable the model to learn and adapt to changing data distributions or incorporate new information efficiently?","The Transformer architecture can be adapted to handle tasks involving dynamic or evolving data by relying entirely on an attention mechanism to draw global dependencies between input and output. Modifications or extensions that are necessary to enable the model to learn and adapt to changing data distributions or incorporate new information efficiently include using a regularization technique such as L1 or L2 regularization, and reducing the number of GPUs used. Additionally, the Transformer architecture can be adapted to handle tasks that involve large amounts of data, such as image classification or clustering, by leveraging attention mechanisms and optimizing the training process."
"23. How does the Transformer architecture handle the problem of interpretability and explainability? What techniques can be employed to make the model's predictions and decision-making process more transparent and understandable, particularly in applications where it is crucial to understand the rationale behind the model's outputs?","The Transformer architecture employs attention mechanism to draw global dependencies between input and output. This allows the model to be more transparent and understandable, particularly in applications where it is crucial to understand the rationale behind the model's outputs. Additionally, the Transformer architecture includes stacked self-attention and point-wise, fully connected layers for both the encoder and decoder."
"24. How can the Transformer architecture be adapted to handle tasks involving privacy-sensitive data, where it is important to protect the confidentiality and security of the input data? What modifications or extensions are necessary to ensure that the model can learn and make predictions without compromising the privacy of the individuals whose data is being used?","The Transformer architecture can be adapted to handle tasks involving privacy-sensitive data by relying entirely on an attention mechanism to draw global dependencies between input and output. Modifications or extensions that are necessary to ensure that the model can learn and make predictions without compromising the privacy of the individuals whose data is being used include reducing the number of parameters, reducing the training time and number of GPUs used, and increasing the number of GPUs to reduce the size of the model."
"25. How does the Transformer architecture address the issue of fairness and bias in decision-making? What techniques can be employed to mitigate biases that may arise from the training data or the model's design, and ensure that the model makes fair and unbiased predictions across different groups or demographics?","The Transformer architecture addresses the issue of fairness and bias in decision-making by relying entirely on an attention mechanism to draw global dependencies between input and output. This technique can be employed to mitigate biases that may arise from the training data or the model's design, and ensure that the model makes fair and unbiased predictions across different groups or demographics."
"26. How does the Transformer architecture handle the problem of attention weights computation, and how does it mitigate the potential problem of quadratic complexity in self-attention mechanisms, particularly in scenarios with large sequences or multiple attention heads?","The Transformer architecture handles the problem of attention weights computation by averaging attention-weighted positions and minimizing the total computational cost. It mitigates the potential problem of quadratic complexity in self-attention mechanisms, particularly in scenarios with large sequences or multiple attention heads, by using multi-headed attention in three different ways."
"27. How can the Transformer architecture be adapted to handle tasks involving non-sequential data, such as image classification or speech recognition? What modifications or extensions are necessary for such applications, considering the inherent differences in data structures and task requirements?","The provided context does not give any information about how the Transformer architecture can be adapted to handle non-sequential data, such as image classification or speech recognition. Therefore, the answer is unanswerable."
"28. What are some potential applications of the Transformer architecture in natural language generation tasks, such as text summarization or machine translation? How can it be adapted for these tasks, taking into account the need for coherence, fluency, and accuracy in the generated text?","The Transformer architecture can be adapted for natural language generation tasks such as text summarization or machine translation by eschewing recurrence and instead relying entirely on an attention mechanism to draw global dependencies between input and output. This can be done by incorporating attention mechanisms such as priority queues or recurrent flow to allow for better encoding of input-output dependencies. Additionally, the Transformer architecture can be used for natural language generation tasks with high level of coherence, fluency, and accuracy, as it can handle a large amount of input and output simultaneously, "
"29. How does the Transformer architecture compare with other sequence-to-sequence models, such as recurrent neural networks (RNNs) or convolutional neural networks (CNNs), in terms of performance and efficiency? What are the key factors that contribute to its advantages or disadvantages?","The Transformer architecture relies entirely on an attention mechanism to draw global dependencies between input and output, which means it is not reliant on sequence-aligned RNNs or convolutional neural networks. It has been shown to perform well on simple-language question answering and language modeling tasks."
30. How does the Transformer architecture handle the problem of long-range dependencies in sequential data? What techniques are employed to capture long-term relationships and context in the input sequence?,The Transformer architecture handles the problem of long-range dependencies in sequential data by relying entirely on an attention mechanism to draw global dependencies between input and output. The Transformer uses attention mechanisms to capture long-term relationships and context in the input sequence.
